2095393610	./results/tables/05_phase5/feature_atlas/time_series_features.tsv
2095393610	./results/phase5_2a_feature_atlas/feature_matrix.tsv
1100056255	./results/tables/05_phase5/feature_atlas/spectral_features.tsv
406880539	./results/tables/05_phase5/feature_atlas_2b/loso_heldout_predictions.tsv
294863823	./results/tables/05_phase5/feature_atlas/window_index.tsv
198473896	./extracted/sub-6m9kB5/ses-PeriOp/meg/sub-6m9kB5_ses-PeriOp_task-Rest_acq-MedOn_run-1_split-01_lfp.fif
196013294	./extracted/sub-8RgPiG/ses-PeriOp/meg/sub-8RgPiG_ses-PeriOp_task-Rest_acq-MedOff_run-1_split-01_lfp.fif
157398014	./extracted/sub-8RgPiG/ses-PeriOp/meg/sub-8RgPiG_ses-PeriOp_task-Rest_acq-MedOn_run-1_split-01_lfp.fif
117531213	./extracted/sub-oLNpHd/ses-PeriOp/meg/sub-oLNpHd_ses-PeriOp_task-MoveL_acq-MedOff_run-1_split-01_lfp.fif
115583397	./results/phase5_burden_state/scores/E_hybrid_burden_alarm_c9_adaptive_smith_best_scores.tsv
115432922	./results/phase5_burden_state/scores/E_hybrid_burden_alarm_phase4_lif_r3_baseline_scores.tsv
114047474	./results/tables/05_phase5/feature_atlas_2b/burden_window_index.tsv
114047474	./results/tables/05_phase5/feature_atlas_2b/burden_window_features.tsv
113478929	./results/phase5_burden_state/scores/E_hybrid_burden_alarm_phase4_beta_evidence_scores.tsv
108789747	./results/phase5_target_reconciliation/scores/constant_shift_phase4_beta_evidence_minus200ms_scores.tsv
107608985	./results/phase5_burden_state/scores/C2_multi_timescale_burden_population_scores.tsv
107453220	./results/phase5_burden_state/scores/C5_population_coded_burden_estimator_scores.tsv
107296847	./extracted/sub-AbzsOg/ses-PeriOp/meg/sub-AbzsOg_ses-PeriOp_task-MoveL_acq-MedOn_run-1_split-01_lfp.fif
106056000	./results/phase5_real_dev/probes/full_dev_architecture/phase5_real_dev/standalone_build/group_01/static_arrays/phase5_encoder_drive_values
106056000	./results/phase5_real_dev/probes/full_dev_architecture/phase5_real_dev/standalone_build/group_01/static_arrays/init_phase5_encoder_drive_values_72f0ee823fee77cea966754e5aa60670.dat
105660441	./extracted/sub-oLNpHd/ses-PeriOp/meg/sub-oLNpHd_ses-PeriOp_task-HoldL_acq-MedOff_run-1_split-01_lfp.fif
104120614	./results/phase5_burden_state/scores/D3_predictive_long_burst_detector_scores.tsv
101983211	./results/phase5_burden_state/scores/D1_duration_integrator_beta_q65_scores.tsv
101880820	./results/phase5_burden_state/scores/D1_duration_integrator_beta_q75_scores.tsv
101657609	./results/phase5_burden_state/scores/D1_duration_integrator_beta_q85_scores.tsv
100178054	./results/phase5_burden_state/scores/D2_long_burst_burden_detector_scores.tsv
99989323	./extracted/sub-AbzsOg/ses-PeriOp/meg/sub-AbzsOg_ses-PeriOp_task-HoldL_acq-MedOn_run-1_split-01_lfp.fif
